bid,grade,title,price
4세,  Basic1-1 2.0  ,3500
4세,  Basic1-2 2.0  ,3500
4세,  Basic1-3 2.0  ,3500
4세,  Basic1-4 2.0  ,3500
4세,  Basic1-5 2.0  ,6500
4세,  Basic1-6 2.0  ,3500
4세,  Basic1-7 2.0  ,3500
4세,  Basic1-8 2.0  ,3500
4세,  Basic1-9 2.0  ,3500
4세,  Basic1-10 2.0 ,3500
5세,  5세용 1호교재     ,4500
5세,  5세용 3호교재     ,4500
5세,  5세용 4호교재     ,4500
5세,  5세용 5호교재     ,4500
5세,  5세용 6호교재     ,4500
5세,  5세용 7호교재     ,4500
5세,  5세용 8호교재     ,4500
5세,  5세용 10호교재    ,4500
5세,  5-1 코딩맵      ,1500
5세,  5-2 코딩맵      ,1500
5세,  5-3 코딩맵      ,1500
5세,  5-4 코딩맵      ,1500
5세,  5-5 코딩맵      ,1500
5세,  5-6 코딩맵      ,1500
5세,  5-7 코딩맵      ,1500
5세,  5-8 코딩맵      ,1500
5세,  5-9 코딩맵      ,1500
5세,  5-10 코딩맵     ,1500
5세,  Step1-1 2.0   ,4500
5세,  Step1-2 2.0   ,4500
5세,  Step1-3 2.0   ,4500
5세,  Step1-4 2.0   ,4500
5세,  Step1-5 2.0   ,4500
5세,  Step1-6 2.0   ,4500
5세,  Step1-7 2.0   ,4500
5세,  Step1-8 2.0   ,4500
5세,  Step1-9 2.0   ,4500
5세,  Step1-10 2.0  ,4500
6세,  6세용 1호교재    , 4500
6세,  6세용 2호교재    , 4500
6세,  6세용 3호교재    , 4500
6세,  6세용 4호교재    , 4500
6세,  6세용 5호교재    , 4500
6세,  6세용 6호교재    , 4500
6세,  6세용 7호교재    , 4500
6세,  6세용 8호교재    , 4500
6세,  6세용 9호교재    , 4500
6세,  6세용 10호교재   , 4500
6세,  6-1 코딩맵      , 1500
6세,  6-2 코딩맵      , 1500
6세,  6-3 코딩맵      , 1500
6세,  6-4 코딩맵      , 1500
6세,  6-5 코딩맵      , 1500
6세,  6-6 코딩맵      , 1500
6세,  6-7 코딩맵      , 1500
6세,  6-8 코딩맵      , 1500
6세,  6-9 코딩맵      , 1500
6세,  6-10 코딩맵     , 1500
6세,  Step2-1 2.0  , 4500
6세,  Step2-2 2.0  , 4500
6세,  Step2-3 2.0  , 4500
6세,  Step2-4 2.0  , 4500
6세,  Step2-5 2.0  , 4500
6세,  Step2-6 2.0  , 4500
6세,  Step2-7 2.0  , 4500
6세,  Step2-8 2.0  , 4500
6세,  Step2-9 2.0  , 4500
6세,  Step2-10 2.0 , 4500
7세,  7세용 1호교재    ,4500
7세,  7세용 2호교재    ,4500
7세,  7세용 3호교재    ,4500
7세,  7세용 4호교재    ,4500
7세,  7세용 5호교재    ,4500
7세,  7세용 6호교재    ,4500
7세,  7세용 7호교재    ,4500
7세,  7세용 8호교재    ,4500
7세,  7세용 9호교재    ,4500
7세,  7세용 10호교재   ,4500
7세,  7-1 코딩맵     ,1500
7세,  7-2 코딩맵     ,1500
7세,  7-3 코딩맵     ,1500
7세,  7-4 코딩맵     ,1500
7세,  7-5 코딩맵     ,1500
7세,  7-6 코딩맵     ,1500
7세,  7-7 코딩맵     ,1500
7세,  7-8 코딩맵     ,1500
7세,  7-9 코딩맵     ,1500
7세,  7-10 코딩맵    ,1500
7세,  Step3-1 2.0  ,4500
7세,  Step3-2 2.0  ,4500
7세,  Step3-3 2.0  ,4500
7세,  Step3-4 2.0  ,4500
7세,  Step3-5 2.0  ,4500
7세,  Step3-6 2.0  ,4500
7세,  Step3-7 2.0  ,4500
7세,  Step3-8 2.0  ,4500
7세,  Step3-9 2.0  ,4500
7세,  Step3-10 2.0 ,4500
교구,  교구파닉스블럭            ,  7000
교구,  교구파닉스블럭            ,129000
교구,  교실영어온라인            , 15000
교구,  교구Step1-1~4 파닉스스티커 ,  500
교구,  Step2-1~4 파닉스스티커   ,  500
교구,  홍보물2022 ROGi2.0 브로셔,  200